kuwait,al-ahmadi,al-asimah,al-farwaniyah,al-jahra,hawalli,mubarak-al-kabeer
al-ahmadi,abu-hleifa,abdullah-al-salem,abdullah-al-mubarak,jahra,bayan,abu-ftaira
al-asimah,ahmadi-city,adiliya,abraq-khaitan,mutla,hawalli-city,al-adan
al-farwaniyah,al-mahbulah,al-da-iya,al-andalus,naseem,jabriya,el-kreen
al-jahra,al-manqaf,al-dasma,ardiyah,qasser,mishrif,fineitees
hawalli,al-salim,al-faiha,ash-shadadiyah,sulaibiah,rumaithiya,messila
mubarak-al-kabeer,ar-riqqah,al-mansouriah,farwaniyah,tayma,salmiya,qossoor
,daher,al-qadisiya,firdous,uyown,salwa,sabah-al-salem
,fahaheel,al-shamiya,granada,waha,shaar,sabhan
,fintas,al-shuwaikh,jleeb-al-shuyoukh,,surra,wista-area
,hadyia,al-surra,kheetan,,,wista-south
,jaber-al-ali,al-yarmouk,omariyah,,,
,subahiya,al-nuzha,qalib-ash-shuyukh,,,
,wafra,bneid-al-qar,rabia,,,
,,doha,rahab,,,
,,doha,regay,,,
,,faylakah,sabah-al-nasser,,,
,,granada,south-khaitan,,,
,,kaifan,suhayed-al-awazim,,,
,,khaldiya,,,,
,,kuwait-city,,,,
,,murgab,,,,
,,qadisiya,,,,
,,qurtoba,,,,
,,rawdah,,,,
,,sulaibikhat,,,,
